"Position","Info","Title","Website","Phone","email","facebook"
1,"Data found
	
Central Madrid Escuela Aeronáutica | Curso Azafata de Vuelo TCP Madrid
	
https://madrid.centralescuelaaeronautica.com/
	
+34 635 74 35 11
	
	
	
https://www.instagram.com/_centralmadrid/","Central Madrid Escuela Aeronáutica | Curso Azafata de Vuelo TCP Madrid","https://madrid.centralescuelaaeronautica.com/","+34 635 74 35 11",,
2,"Data found
	
Nautivel Centro de Estudios Nauticos SL
	
https://www.nautivel.es/
	
+34 914 15 26 79
	
info@nautivel.com","Nautivel Centro de Estudios Nauticos SL","https://www.nautivel.es/","+34 914 15 26 79","info@nautivel.com",
3,"Data found
	
Escuela náutica. Cenáutica Madrid
	
https://www.cenautica.com/escuela-nautica/escuela-nautica-madrid?utm_source=google&utm_medium=organic&utm_campaign=gmb-madrid
	
+34 913 45 12 74
	
madrid@cenautica.com
	
https://www.facebook.com/cenautica
	
https://www.instagram.com/cenautica/
	
	
https://www.linkedin.com/company/cenautica","Escuela náutica. Cenáutica Madrid","https://www.cenautica.com/escuela-nautica/escuela-nautica-madrid?utm_source=google&utm_medium=organic&utm_campaign=gmb-madrid","+34 913 45 12 74","madrid@cenautica.com","https://www.facebook.com/cenautica"
4,"Data found
	
Estudios Náuticos Elcano | Escuela Náutica en Madrid. Cursos PER, PNB, Licencia Navegación, Prácticas de Navegación y más
	
https://www.cenelcano.com/
	
+34 914 48 50 40
	
elcano@cenelcano.com
	
https://www.facebook.com/Cenelcano
	
https://www.instagram.com/cenelcano/
	
https://twitter.com/cenelcano
	
https://es.linkedin.com/company/elcano","Estudios Náuticos Elcano | Escuela Náutica en Madrid. Cursos PER, PNB, Licencia Navegación, Prácticas de Navegación y más","https://www.cenelcano.com/","+34 914 48 50 40","elcano@cenelcano.com","https://www.facebook.com/Cenelcano"
5,"Data found
	
Escuela Náutica Madrid Acronáutica
	
https://www.acronautica.com/escuela-nautica/escuela-nautica-madrid/
	
+34 622 83 21 98
	
info@acronautica.com
	
https://www.facebook.com/Academiacronautica/
	
https://www.instagram.com/acronautica/
	
https://twitter.com/acronautica
	
https://www.linkedin.com/legal/cookie-policy","Escuela Náutica Madrid Acronáutica","https://www.acronautica.com/escuela-nautica/escuela-nautica-madrid/","+34 622 83 21 98","info@acronautica.com","https://www.facebook.com/Academiacronautica/"
6,"Data found
	
A Son de Mar Escuela Náutica
	
http://asondemar.net/
	
+34 622 09 80 99
	
practicas@asondemar.net","A Son de Mar Escuela Náutica","http://asondemar.net/","+34 622 09 80 99","practicas@asondemar.net",
7,"Data found
	
Escuela Náutica | Greenwich Náutica
	
https://greenwichnautica.es/?utm_source=gmb&utm_medium=organic&utm_campaign=google-my-business
	
+34 914 56 02 73
	
cursos@greenwichnautica.es
	
https://www.facebook.com/greenwichnautica/
	
https://www.instagram.com/greenwichnautica/
	
https://twitter.com/greenwichcen","Escuela Náutica | Greenwich Náutica","https://greenwichnautica.es/?utm_source=gmb&utm_medium=organic&utm_campaign=google-my-business","+34 914 56 02 73","cursos@greenwichnautica.es","https://www.facebook.com/greenwichnautica/"
8,"Data found
	
Nautimar Centro de Enseñanzas Nauticas
	
http://www.nautimar.es/
	
+34 915 48 21 10
	
nautimar@nautimar.es
	
https://www.facebook.com/nautimarescuelanautica
	
https://www.instagram.com/nautimar_escuela_nautica/","Nautimar Centro de Enseñanzas Nauticas","http://www.nautimar.es/","+34 915 48 21 10","nautimar@nautimar.es","https://www.facebook.com/nautimarescuelanautica"
9,"Data found
	
Escuela Náutica Altamar
	
http://www.escuela-altamar.com/
	
+34 609 47 60 25
	
info@escuela-altamar.com
	
https://www.facebook.com/altamarescuelanautica/
	
https://www.instagram.com/altamar_nautica/","Escuela Náutica Altamar","http://www.escuela-altamar.com/","+34 609 47 60 25","info@escuela-altamar.com","https://www.facebook.com/altamarescuelanautica/"
10,"Data found
	
Avante Escuela Náutica Madrid
	
https://www.avantecursos.com/escuela-nautica-avante/escuela-nautica-en-madrid/
	
+34 913 44 07 29
	
info@avantecursos.com
	
https://www.facebook.com/cursospracticasnavegacion/
	
https://www.instagram.com/avantecentrodevela/
	
https://twitter.com/AvanteVela","Avante Escuela Náutica Madrid","https://www.avantecursos.com/escuela-nautica-avante/escuela-nautica-en-madrid/","+34 913 44 07 29","info@avantecursos.com","https://www.facebook.com/cursospracticasnavegacion/"
11,"Data found
	
Escuela Náutica Alisios Madrid
	
http://www.escuelanauticaalisios.com/
	
+34 676 05 08 79
	
info@escuelanauticaalisios.com
	
https://www.facebook.com/escuelanauticaalisios/
	
https://www.instagram.com/escuelanauticaalisios/","Escuela Náutica Alisios Madrid","http://www.escuelanauticaalisios.com/","+34 676 05 08 79","info@escuelanauticaalisios.com","https://www.facebook.com/escuelanauticaalisios/"
12,"No data found
	
Escuela Náutica Luis Moreno
	
http://escuelanauticaluismoreno.com/
	
+34 914 01 40 20","Escuela Náutica Luis Moreno","http://escuelanauticaluismoreno.com/","+34 914 01 40 20",,
13,"Data found
	
Club de Patrones de Cenáutica
	
https://www.cenautica.com/club-de-patrones
	
+34 689 97 07 54
	
info@cenautica.com
	
https://www.facebook.com/cenautica
	
https://www.instagram.com/cenautica/
	
	
https://www.linkedin.com/company/cenautica","Club de Patrones de Cenáutica","https://www.cenautica.com/club-de-patrones","+34 689 97 07 54","info@cenautica.com","https://www.facebook.com/cenautica"
14,"Data found
	
Escuela Nautica Baluma
	
http://escuelanauticabaluma.com/
	
+34 625 61 81 83
	
50365a6fe24f4ff28f6b625410e04a35@sentry.io","Escuela Nautica Baluma","http://escuelanauticabaluma.com/","+34 625 61 81 83","50365a6fe24f4ff28f6b625410e04a35@sentry.io",
15,"Data found
	
Escuela Náutica Barcelona Pronautic Training Centre
	
https://pronautictc.com/?utm_source=google&utm_medium=maps&utm_campaign=seolocal&utm_content=barcelona
	
+34 931 03 04 06
	
info@pronautictc.com
	
https://www.facebook.com/PronauticTC/?locale=es_ES
	
https://www.instagram.com/pronautictc/?hl=es","Escuela Náutica Barcelona Pronautic Training Centre","https://pronautictc.com/?utm_source=google&utm_medium=maps&utm_campaign=seolocal&utm_content=barcelona","+34 931 03 04 06","info@pronautictc.com","https://www.facebook.com/PronauticTC/?locale=es_ES"
16,"Data found
	
Escola Port
	
http://www.escolaport.com/
	
+34 932 21 03 80
	
info@escolaport.com
	
	
https://www.instagram.com/escolaportbarcelona/","Escola Port","http://www.escolaport.com/","+34 932 21 03 80","info@escolaport.com",
17,"Data found
	
Anclademia - Escuela Náutica en Barcelona
	
https://anclademia.com/?utm_source=google&utm_medium=local-pack&utm_campaign=google_my_business
	
+34 934 59 57 50
	
info@anclademia.com
	
https://facebook.com/anclademia
	
https://instagram.com/anclademia
	
	
https://www.linkedin.com/company/anclademia","Anclademia - Escuela Náutica en Barcelona","https://anclademia.com/?utm_source=google&utm_medium=local-pack&utm_campaign=google_my_business","+34 934 59 57 50","info@anclademia.com","https://facebook.com/anclademia"
18,"Data found
	
Escola Nàutica Gènova - Escuela Náutica Barcelona - Cursos Náuticos Barcelona
	
https://www.nauticagenova.com/
	
+34 937 88 53 25
	
admin@nauticagenova.com
	
https://www.facebook.com/nauticagenova
	
https://www.instagram.com/escolanauticagenova
	
	
https://www.linkedin.com/company/nauticagenova/?originalSubdomain=es","Escola Nàutica Gènova - Escuela Náutica Barcelona - Cursos Náuticos Barcelona","https://www.nauticagenova.com/","+34 937 88 53 25","admin@nauticagenova.com","https://www.facebook.com/nauticagenova"
19,"Data found
	
Escuela Nautica Neptuno
	
https://www.neptuno.es/
	
+34 932 24 71 99
	
info@neptuno.es
	
https://www.facebook.com/escuelanauticabarcelona
	
https://www.instagram.com/neptuno_barcelona/","Escuela Nautica Neptuno","https://www.neptuno.es/","+34 932 24 71 99","info@neptuno.es","https://www.facebook.com/escuelanauticabarcelona"
20,"Data found
	
Escuela Nautic Ocean
	
http://www.escuelanauticocean.com/
	
+34 656 85 67 39
	
reservas@nauticocean.com
	
https://www.facebook.com/nauticocean
	
https://www.instagram.com/nauticocean/?hl=es
	
https://twitter.com/NauticOcean","Escuela Nautic Ocean","http://www.escuelanauticocean.com/","+34 656 85 67 39","reservas@nauticocean.com","https://www.facebook.com/nauticocean"
21,"Data found
	
Escuela de Navegación RCNB
	
http://escuelarcnb.com/
	
+34 932 21 65 21
	
escuela@rcnb.com","Escuela de Navegación RCNB","http://escuelarcnb.com/","+34 932 21 65 21","escuela@rcnb.com",
22,"Data found
	
Escuela Nàutica BonaProa
	
https://bonaproa.com/
	
+34 663 68 71 00","Escuela Nàutica BonaProa","https://bonaproa.com/","+34 663 68 71 00",,
23,"Data found
	
ESCUELA NÁUTICA ALTAIR & SAILING TRIPS BCN
	
https://www.escuelanauticaaltair.com/
	
+34 933 48 33 58
	
info@escuelanauticaaltair.com
	
https://es-es.facebook.com/RicardSailing/
	
https://www.instagram.com/escuelanauticaaltair","ESCUELA NÁUTICA ALTAIR & SAILING TRIPS BCN","https://www.escuelanauticaaltair.com/","+34 933 48 33 58","info@escuelanauticaaltair.com","https://es-es.facebook.com/RicardSailing/"
24,"Data found
	
Escuela Náutica de Catalunya - Cursos de náutica online
	
http://www.enc.es/
	
+34 637 93 82 89
	
info@enc.es","Escuela Náutica de Catalunya - Cursos de náutica online","http://www.enc.es/","+34 637 93 82 89","info@enc.es",
25,"Data found
	
Yacht Point Escuela Náutica
	
http://www.yachtpointbcn.com/
	
+34 938 28 87 53
	
info@yachtpointbcn.com
	
https://www.facebook.com/yachtpoint/
	
https://www.instagram.com/escolanauticayachtpoint/
	
https://twitter.com/YACHTPOINT
	
https://www.linkedin.com/company/yacht-point?trk=tyah&trkInfo=tarId%3A1406224084180%2Ctas%3Ayacht%20point%2Cidx%3A2-2-5","Yacht Point Escuela Náutica","http://www.yachtpointbcn.com/","+34 938 28 87 53","info@yachtpointbcn.com","https://www.facebook.com/yachtpoint/"
26,"Data found
	
EscolaPort
	
https://escolaportbarcelona.com/fpdelmar-stcw/
	
+34 932 21 03 80
	
profesionales@escolaportbarcelona.com
	
	
https://www.instagram.com/escolaportbarcelona/","EscolaPort","https://escolaportbarcelona.com/fpdelmar-stcw/","+34 932 21 03 80","profesionales@escolaportbarcelona.com",
27,"Data found
	
Facultad de Náutica de Barcelona UPC
	
https://www.fnb.upc.edu/
	
+34 934 01 79 36
	
	
https://www.facebook.com/facultat.nautica.barcelona.upc/
	
https://www.instagram.com/fnb_upc
	
	
https://www.linkedin.com/in/facultat-n%C3%A0utica-barcelona-389a672b1/?lipi=urn%3Ali%3Apage%3Ad_flagship3_feed%3ByWXgZeQaTiauYi4f6CsdKA%3D%3D","Facultad de Náutica de Barcelona UPC","https://www.fnb.upc.edu/","+34 934 01 79 36",,"https://www.facebook.com/facultat.nautica.barcelona.upc/"
28,"Data found
	
ESCUELA NÁUTICA DE VALENCIA - Licencia de Navegación, PNB, PER y PY
	
https://escuelanauticadevalencia.es/
	
+34 655 48 77 16
	
info@escuelanauticadevalencia.es
	
http://www.facebook.com/escuela.nautica.de.valencia
	
http://www.instagram.com/escuelanauticadevalencia","ESCUELA NÁUTICA DE VALENCIA - Licencia de Navegación, PNB, PER y PY","https://escuelanauticadevalencia.es/","+34 655 48 77 16","info@escuelanauticadevalencia.es","http://www.facebook.com/escuela.nautica.de.valencia"
29,"Data found
	
Escuela Náutica Baleares - Valnáutica S.L.
	
https://www.escuelanauticabaleares.com/
	
+34 963 37 43 78
	
valnautica@escuelanauticabaleares.com
	
https://www.facebook.com/Escuela-Nautica-Baleares-443970615761174/
	
https://www.instagram.com/escuela_nautica_baleares/
	
http://www.twitter.com/nauticabaleares
	
https://www.linkedin.com/company/escuela-n%C3%A1utica-baleares---valn%C3%A1utica-s-l-","Escuela Náutica Baleares - Valnáutica S.L.","https://www.escuelanauticabaleares.com/","+34 963 37 43 78","valnautica@escuelanauticabaleares.com","https://www.facebook.com/Escuela-Nautica-Baleares-443970615761174/"
30,"Data found
	
Escuela Náutica Dragut Online - Cursos Online PER, PNB, PY.
	
https://www.dragutnou.com/
	
+34 671 00 14 56
	
info@dragutnou.com
	
	
https://www.instagram.com/escuelanauticaonlinedragut/
	
https://twitter.com/dragutnou","Escuela Náutica Dragut Online - Cursos Online PER, PNB, PY.","https://www.dragutnou.com/","+34 671 00 14 56","info@dragutnou.com",
31,"Data found
	
Prácticas Náuticas Valencia
	
https://practicasnauticasvalencia.com/
	
+34 699 87 86 10
	
info@practicasnauticasvalencia.com
	
https://www.facebook.com/Pr%C3%A1cticas-N%C3%A1uticas-Valencia-353268281444190","Prácticas Náuticas Valencia","https://practicasnauticasvalencia.com/","+34 699 87 86 10","info@practicasnauticasvalencia.com","https://www.facebook.com/Pr%C3%A1cticas-N%C3%A1uticas-Valencia-353268281444190"
32,"Data found
	
Escuela Náutica Alfa
	
http://www.alfaescuelanautica.com/
	
+34 610 21 19 98
	
info@escuelanauticaalfa.com","Escuela Náutica Alfa","http://www.alfaescuelanautica.com/","+34 610 21 19 98","info@escuelanauticaalfa.com",
33,"Data found
	
Escuela Nautica Valencia - Curso PER, PNB, PY, Licencia Navegacion
	
https://opticasvalencia.com/
	
+34 681 07 58 83
	
	
https://www.facebook.com/OpticaSantanderValencia/
	
https://www.instagram.com/opticasantandervalencia/","Escuela Nautica Valencia - Curso PER, PNB, PY, Licencia Navegacion","https://opticasvalencia.com/","+34 681 07 58 83",,"https://www.facebook.com/OpticaSantanderValencia/"
34,"Data found
	
Siboney - Escuela Nautica Valencia
	
https://escuelanauticasiboney.com/
	
+34 619 52 96 93
	
infoescuelanauticasiboney@gmail.com","Siboney - Escuela Nautica Valencia","https://escuelanauticasiboney.com/","+34 619 52 96 93","infoescuelanauticasiboney@gmail.com",
35,"Data found
	
Atar Cabos | Escuela Náutica
	
https://atarcabos.com/
	
+34 644 26 07 60
	
	
https://www.facebook.com/atarcabos/
	
https://www.instagram.com/atarcabos/","Atar Cabos | Escuela Náutica","https://atarcabos.com/","+34 644 26 07 60",,"https://www.facebook.com/atarcabos/"
36,"Data found
	
Avante Escuela Náutica Valencia
	
https://www.avantecursos.com/escuela-nautica-valencia/
	
+34 963 20 12 35
	
valencia@avantecursos.com
	
https://www.facebook.com/cursospracticasnavegacion/
	
https://www.instagram.com/avantecentrodevela/
	
https://twitter.com/AvanteVela","Avante Escuela Náutica Valencia","https://www.avantecursos.com/escuela-nautica-valencia/","+34 963 20 12 35","valencia@avantecursos.com","https://www.facebook.com/cursospracticasnavegacion/"
37,"Data found
	
Escuela Náutica Orión
	
https://www.nauticaorion.com/
	
+34 623 10 31 77
	
info@nauticaorion.com
	
https://www.facebook.com/nauticaorionvlc/
	
https://www.instagram.com/nauticaorion/","Escuela Náutica Orión","https://www.nauticaorion.com/","+34 623 10 31 77","info@nauticaorion.com","https://www.facebook.com/nauticaorionvlc/"
38,"Data found
	
Escuela Náutica Alisios
	
http://www.escuelanauticaalisios.com/
	
+34 640 53 88 63
	
info@escuelanauticaalisios.com
	
https://www.facebook.com/escuelanauticaalisios/
	
https://www.instagram.com/escuelanauticaalisios/","Escuela Náutica Alisios","http://www.escuelanauticaalisios.com/","+34 640 53 88 63","info@escuelanauticaalisios.com","https://www.facebook.com/escuelanauticaalisios/"
39,"No data found
	
ESPAI NAUTIC
	
http://www.espainautic.es/
	
+34 961 14 02 86","ESPAI NAUTIC","http://www.espainautic.es/","+34 961 14 02 86",,
40,"Data found
	
VLCNÁUTICA
	
http://www.vlcnautica.com/
	
+34 634 36 62 03
	
info@vlcnautica.com
	
	
https://www.instagram.com/vlcnautica","VLCNÁUTICA","http://www.vlcnautica.com/","+34 634 36 62 03","info@vlcnautica.com",
41,"Data found
	
ESCUELA NÁUTICA MARE NOSTRUM
	
http://www.escuelanauticamarenostrum.com/
	
+34 685 89 88 63
	
	
https://www.facebook.com/marenostrumescuelanautica/
	
https://www.instagram.com/escuelanauticamarenostrum/","ESCUELA NÁUTICA MARE NOSTRUM","http://www.escuelanauticamarenostrum.com/","+34 685 89 88 63",,"https://www.facebook.com/marenostrumescuelanautica/"
42,"No website found
	
Escuela Náutica Ballestrinque
	
	
+34 627 11 09 71","Escuela Náutica Ballestrinque",,"+34 627 11 09 71",,
43,"Data found
	
Cenáutica Alicante. Escuela náutica
	
https://www.cenautica.com/escuela-nautica/escuela-nautica-alicante?utm_source=google&utm_medium=organic&utm_campaign=gmb-alicante
	
+34 965 12 03 71
	
info@cenautica.com
	
https://www.facebook.com/cenautica
	
https://www.instagram.com/cenautica/
	
	
https://www.linkedin.com/company/cenautica","Cenáutica Alicante. Escuela náutica","https://www.cenautica.com/escuela-nautica/escuela-nautica-alicante?utm_source=google&utm_medium=organic&utm_campaign=gmb-alicante","+34 965 12 03 71","info@cenautica.com","https://www.facebook.com/cenautica"
44,"Data found
	
Academia Nautix - Cursos Naúticos y Alquiler de Embarcaciones
	
https://academianautix.com/
	
+34 641 14 89 60
	
info@academianautix.com
	
https://www.facebook.com/academianautix/
	
https://www.instagram.com/academianautix/","Academia Nautix - Cursos Naúticos y Alquiler de Embarcaciones","https://academianautix.com/","+34 641 14 89 60","info@academianautix.com","https://www.facebook.com/academianautix/"
45,"Data found
	
Academia Náutica Océano - Cursos, Prácticas, Vela, Radio, Chárter
	
http://www.academianauticaoceano.com/
	
+34 640 34 80 52
	
info@academianauticaoceano.com
	
https://www.facebook.com/academianauticaoceano
	
https://www.instagram.com/academianauticaoceano/","Academia Náutica Océano - Cursos, Prácticas, Vela, Radio, Chárter","http://www.academianauticaoceano.com/","+34 640 34 80 52","info@academianauticaoceano.com","https://www.facebook.com/academianauticaoceano"
46,"No website found
	
Academia Náutica Océano - Charter y prácticas de navegación
	
	
+34 640 34 80 52","Academia Náutica Océano - Charter y prácticas de navegación",,"+34 640 34 80 52",,
47,"No data found
	
Milla 11. Academia náutica, alquiler de barcos
	
https://millaonce.com/
	
+34 647 95 97 42","Milla 11. Academia náutica, alquiler de barcos","https://millaonce.com/","+34 647 95 97 42",,
48,"Data found
	
Escuela Náutica Easy Sailing
	
http://easysailing.es/
	
+34 624 15 84 28
	
%20info@easysailing.es
	
https://web.facebook.com/easysailing.es?_rdc=1&_rdr
	
https://www.instagram.com/easysailing.es/","Escuela Náutica Easy Sailing","http://easysailing.es/","+34 624 15 84 28","%20info@easysailing.es","https://web.facebook.com/easysailing.es?_rdc=1&_rdr"
49,"Data found
	
Escuela Náutica Altea - Acronáutica
	
http://www.acronautica.com/
	
+34 690 73 76 26
	
info@acronautica.com
	
https://www.facebook.com/Academiacronautica/
	
https://www.instagram.com/acronautica/
	
https://twitter.com/acronautica
	
https://www.linkedin.com/legal/cookie-policy","Escuela Náutica Altea - Acronáutica","http://www.acronautica.com/","+34 690 73 76 26","info@acronautica.com","https://www.facebook.com/Academiacronautica/"
50,"Data found
	
Ociovela
	
https://ociovela.com/
	
+34 625 04 98 45
	
info@ociovela.com
	
https://www.facebook.com/ociovela/
	
https://www.instagram.com/ociovela/
	
	
https://www.linkedin.com/company/80967802/admin/","Ociovela","https://ociovela.com/","+34 625 04 98 45","info@ociovela.com","https://www.facebook.com/ociovela/"
51,"Data found
	
Escuela Náutica Alisios Alicante
	
http://escuelanauticaalisios.com/
	
+34 661 32 34 62
	
info@escuelanauticaalisios.com
	
https://www.facebook.com/escuelanauticaalisios/
	
https://www.instagram.com/escuelanauticaalisios/","Escuela Náutica Alisios Alicante","http://escuelanauticaalisios.com/","+34 661 32 34 62","info@escuelanauticaalisios.com","https://www.facebook.com/escuelanauticaalisios/"
52,"No website found
	
Escuela Deportes Náuticos","Escuela Deportes Náuticos",,,,
53,"No data found
	
Academia náutica LA NAO
	
http://www.academialanao.com/
	
+34 644 67 10 34","Academia náutica LA NAO","http://www.academialanao.com/","+34 644 67 10 34",,
54,"Data found
	
Oceanautic - 🌊 Escuela Naútica en Málaga
	
https://www.oceanautic.es/?utm_source=mybusinessescuela&utm_medium=my+business&utm_campaign=my-business
	
+34 684 17 57 65
	
info@oceanautic.es
	
https://www.facebook.com/oceanautic.club
	
https://www.instagram.com/oceanautic/
	
https://twitter.com/oceanautic","Oceanautic - 🌊 Escuela Naútica en Málaga","https://www.oceanautic.es/?utm_source=mybusinessescuela&utm_medium=my+business&utm_campaign=my-business","+34 684 17 57 65","info@oceanautic.es","https://www.facebook.com/oceanautic.club"
55,"Data found
	
Oceanautic - 🚢 Alquiler de barcos en Málaga
	
https://www.oceanautic.es/?utm_source=mybusinessalquiler&utm_medium=my+business&utm_campaign=my-business
	
+34 684 17 57 65
	
info@oceanautic.es
	
https://www.facebook.com/oceanautic.club
	
https://www.instagram.com/oceanautic/
	
https://twitter.com/oceanautic","Oceanautic - 🚢 Alquiler de barcos en Málaga","https://www.oceanautic.es/?utm_source=mybusinessalquiler&utm_medium=my+business&utm_campaign=my-business","+34 684 17 57 65","info@oceanautic.es","https://www.facebook.com/oceanautic.club"
56,"Data found
	
Náutica Formación - Escuela Náutica Oficial de Málaga
	
https://nauticaformacion.es/
	
+34 601 20 20 02
	
marketing@laborali.com
	
https://www.facebook.com/nauticaformacion/
	
https://www.instagram.com/nauticaformacion/
	
https://twitter.com/nauticaform
	
https://es.linkedin.com/company/n%C3%A1utica-formaci%C3%B3n","Náutica Formación - Escuela Náutica Oficial de Málaga","https://nauticaformacion.es/","+34 601 20 20 02","marketing@laborali.com","https://www.facebook.com/nauticaformacion/"
57,"Data found
	
Escuela Náutica La Mar de Málaga|Cursos PER-PNB|Licencias Navegación|Titulín
	
https://escuelanauticalamardemalaga.com/
	
+34 601 41 58 58
	
info@escuelanauticalamardemalaga.com
	
https://www.facebook.com/escuelalamardemalaga/
	
https://www.instagram.com/lamardemalagaescuela/","Escuela Náutica La Mar de Málaga|Cursos PER-PNB|Licencias Navegación|Titulín","https://escuelanauticalamardemalaga.com/","+34 601 41 58 58","info@escuelanauticalamardemalaga.com","https://www.facebook.com/escuelalamardemalaga/"
58,"Data found
	
Málaga Shine - Escuela Náutica
	
https://malagashine.com/
	
+34 682 07 19 73
	
escuelanautica@malagashine.com
	
https://www.facebook.com/malagashine
	
https://www.instagram.com/malagashine_oficial/","Málaga Shine - Escuela Náutica","https://malagashine.com/","+34 682 07 19 73","escuelanautica@malagashine.com","https://www.facebook.com/malagashine"
59,"Data found
	
Escuela Náutica - Marinero a Bordo
	
https://marineroabordo.com/
	
+34 601 20 20 02
	
info@marineroabordo.com
	
https://www.facebook.com/marineroabordo/
	
https://www.instagram.com/marineroabordo_/
	
https://twitter.com/marineroabordo_
	
https://www.linkedin.com/company/marinero-a-bordo/","Escuela Náutica - Marinero a Bordo","https://marineroabordo.com/","+34 601 20 20 02","info@marineroabordo.com","https://www.facebook.com/marineroabordo/"
60,"Data found
	
Academia Náutica RCC
	
https://academianauticarcc.com/
	
+34 622 65 47 14
	
	
	
https://www.instagram.com/academianauticarcc/","Academia Náutica RCC","https://academianauticarcc.com/","+34 622 65 47 14",,
61,"Data found
	
Boat Málaga - Academia Náutica Oficial El Candado
	
https://www.boatmalaga.com/
	
+34 681 33 35 59
	
nacho@boatmalaga.com
	
https://www.facebook.com/boatmalaga
	
https://www.instagram.com/boatmalaga/","Boat Málaga - Academia Náutica Oficial El Candado","https://www.boatmalaga.com/","+34 681 33 35 59","nacho@boatmalaga.com","https://www.facebook.com/boatmalaga"
62,"No website found
	
Federación de vela Málaga
	
	
+34 627 79 16 23","Federación de vela Málaga",,"+34 627 79 16 23",,
63,"Data found
	
Boat Málaga - Prácticas Oficiales PER
	
https://www.boatmalaga.com/practicas-per-malaga/
	
+34 681 33 35 59
	
nacho@boatmalaga.com
	
https://www.facebook.com/boatmalaga
	
https://www.instagram.com/boatmalaga/","Boat Málaga - Prácticas Oficiales PER","https://www.boatmalaga.com/practicas-per-malaga/","+34 681 33 35 59","nacho@boatmalaga.com","https://www.facebook.com/boatmalaga"
64,"No website found
	
Una.one Academia Náutica
	
	
+34 615 93 44 44","Una.one Academia Náutica",,"+34 615 93 44 44",,
65,"Data found
	
Polaris by Sail and Fun Formación
	
https://www.sailandfun.es/
	
+34 952 21 95 18
	
info@sailandfun.es
	
https://www.facebook.com/SailandFunFormacion
	
https://www.instagram.com/polaris_formacion_maritima/
	
https://twitter.com/Sail_and_Fun
	
https://es.linkedin.com/company/sail-and-fun","Polaris by Sail and Fun Formación","https://www.sailandfun.es/","+34 952 21 95 18","info@sailandfun.es","https://www.facebook.com/SailandFunFormacion"
66,"Data found
	
Escuela de vela El Palo
	
https://www.malagaseaexperiences.com/sailing-academy
	
+34 613 75 67 86
	
malagaseaexperiences@gmail.com
	
https://www.facebook.com/wix
	
https://www.instagram.com/wix
	
https://www.twitter.com/wix
	
https://www.linkedin.com/company/wix-com","Escuela de vela El Palo","https://www.malagaseaexperiences.com/sailing-academy","+34 613 75 67 86","malagaseaexperiences@gmail.com","https://www.facebook.com/wix"
67,"Data found
	
Formación Náutica Online
	
https://www.formacionnauticaonline.com/
	
+34 682 07 19 73
	
info@formacionnauticaonline.com
	
https://www.facebook.com/malagashine
	
https://www.instagram.com/malagashine_escuelanautica/","Formación Náutica Online","https://www.formacionnauticaonline.com/","+34 682 07 19 73","info@formacionnauticaonline.com","https://www.facebook.com/malagashine"
68,"Data found
	
Nautic Luis - Mallorca
	
https://nauticluis.com/
	
+34 660 99 47 24
	
nauticluis@nauticluis.com
	
https://www.facebook.com/NauticLuis/
	
https://www.instagram.com/nauticluis/
	
https://twitter.com/NauticLuis
	
https://www.linkedin.com/company/nauticluis/","Nautic Luis - Mallorca","https://nauticluis.com/","+34 660 99 47 24","nauticluis@nauticluis.com","https://www.facebook.com/NauticLuis/"
69,"Data found
	
Deep Blue Sea Training
	
http://www.deepbluesea.training/
	
+34 971 90 21 00
	
hello@deepbluesea.training
	
https://www.facebook.com/deepblueseatraining
	
https://www.instagram.com/deepblueseapalma/
	
https://twitter.com/deepbluepalma","Deep Blue Sea Training","http://www.deepbluesea.training/","+34 971 90 21 00","hello@deepbluesea.training","https://www.facebook.com/deepblueseatraining"
70,"Data found
	
Escuela Balear Náutica
	
http://www.escuelabalearnautica.com/
	
+34 615 40 00 84
	
info@escuelabalearnautica.com
	
https://www.facebook.com/escuelabalearnautica
	
https://www.instagram.com/escuelabalearnautica/
	
https://twitter.com/escuelanauticam?lang=es","Escuela Balear Náutica","http://www.escuelabalearnautica.com/","+34 615 40 00 84","info@escuelabalearnautica.com","https://www.facebook.com/escuelabalearnautica"
71,"Data found
	
Escuela Náutica NAVEGA Palma
	
http://www.escuelanavega.com/
	
+34 618 32 58 28
	
escuelanavega@gmail.com
	
https://www.facebook.com/escuelanavega/
	
https://instagram.com/escuelanavega?igshid=1sdgdbsscdga8","Escuela Náutica NAVEGA Palma","http://www.escuelanavega.com/","+34 618 32 58 28","escuelanavega@gmail.com","https://www.facebook.com/escuelanavega/"
72,"Data found
	
Escuela Náutica NAVEGA en Palma
	
http://www.escuelanavega.com/
	
+34 618 32 58 28
	
escuelanavega@gmail.com
	
https://www.facebook.com/escuelanavega/
	
https://instagram.com/escuelanavega?igshid=1sdgdbsscdga8","Escuela Náutica NAVEGA en Palma","http://www.escuelanavega.com/","+34 618 32 58 28","escuelanavega@gmail.com","https://www.facebook.com/escuelanavega/"
73,"No data found
	
Academia Nautica Mallorca
	
https://www.academianauticamallorca.com/
	
+34 871 15 36 65","Academia Nautica Mallorca","https://www.academianauticamallorca.com/","+34 871 15 36 65",,
74,"Data found
	
Escuela del Mar
	
http://www.escueladelmar.net/
	
+34 971 22 22 11
	
info@escueladelmar.net
	
https://www.facebook.com/escueladelmar/
	
https://www.instagram.com/escueladelmarpalma/
	
https://twitter.com/EDM_Mallorca","Escuela del Mar","http://www.escueladelmar.net/","+34 971 22 22 11","info@escueladelmar.net","https://www.facebook.com/escueladelmar/"
75,"Data found
	
Escuela Náutica Nostromo
	
https://www.escuelanauticanostromo.com/
	
+34 677 51 04 32
	
escuelanauticanostromo@gmail.com","Escuela Náutica Nostromo","https://www.escuelanauticanostromo.com/","+34 677 51 04 32","escuelanauticanostromo@gmail.com",
76,"No data found
	
Vela Mayorca - Escuela Nautica
	
https://www.velamayorca.com/es/escuela/
	
+34 871 15 36 70","Vela Mayorca - Escuela Nautica","https://www.velamayorca.com/es/escuela/","+34 871 15 36 70",,
77,"Data found
	
Escuela de Formación Marítima Profesional. Nautica.pro
	
http://www.nautica.pro/
	
+34 971 90 90 60
	
info@nautica.pro
	
https://www.facebook.com/NauticaproFormacionMaritima
	
	
https://twitter.com/Nauticapro","Escuela de Formación Marítima Profesional. Nautica.pro","http://www.nautica.pro/","+34 971 90 90 60","info@nautica.pro","https://www.facebook.com/NauticaproFormacionMaritima"
78,"No data found
	
Escuela Náutica Palma
	
http://www.escuelanauticapalma.com/
	
+34 971 46 49 90","Escuela Náutica Palma","http://www.escuelanauticapalma.com/","+34 971 46 49 90",,
79,"Data found
	
Academia náutica ARCOS
	
https://academianauticaarcos.com/
	
+34 618 46 90 02
	
contacto@academiaarcos.com
	
https://www.facebook.com/sharer/sharer.php?u=https%3A%2F%2Facademianauticaarcos.com%2Fevents%2Factualizacion-formacion-basica-en-seguridad%2F
	
https://www.instagram.com/academiaarcos/
	
https://twitter.com/share?url=https%3A%2F%2Facademianauticaarcos.com%2Fevents%2Factualizacion-formacion-basica-en-seguridad%2F","Academia náutica ARCOS","https://academianauticaarcos.com/","+34 618 46 90 02","contacto@academiaarcos.com","https://www.facebook.com/sharer/sharer.php?u=https%3A%2F%2Facademianauticaarcos.com%2Fevents%2Factualizacion-formacion-basica-en-seguridad%2F"
80,"Data found
	
Academia Náutica Blanco
	
http://www.academianauticablanco.com/
	
+34 656 32 50 63
	
	
https://www.facebook.com/academianauticablanco
	
https://www.instagram.com/academianauticablanco/","Academia Náutica Blanco","http://www.academianauticablanco.com/","+34 656 32 50 63",,"https://www.facebook.com/academianauticablanco"
81,"Data found
	
Academia Náutica The Alondra Academy
	
https://alondraacademy.es/
	
+34 669 36 25 79
	
info@alondraacademy.es
	
https://www.facebook.com/profile.php?id=100095295962354&sk=about&locale=hi_IN
	
https://www.instagram.com/thealondraacademy/
	
https://twitter.com/privacy
	
https://www.linkedin.com/company/the-alondra-academy/?originalSubdomain=es","Academia Náutica The Alondra Academy","https://alondraacademy.es/","+34 669 36 25 79","info@alondraacademy.es","https://www.facebook.com/profile.php?id=100095295962354&sk=about&locale=hi_IN"
82,"Data found
	
Academia Náutica Araña
	
https://www.academianauticaarana.com/
	
+34 928 23 12 12
	
academianauticaarana@gmail.com
	
https://www.facebook.com/profile.php?id=100065100750197
	
https://www.instagram.com/chano_ara","Academia Náutica Araña","https://www.academianauticaarana.com/","+34 928 23 12 12","academianauticaarana@gmail.com","https://www.facebook.com/profile.php?id=100065100750197"
83,"Data found
	
Polaris Nautika Eskola
	
https://polariseskola.eus/
	
+34 619 11 52 25
	
info@polariseskola.eus
	
https://www.facebook.com/polariseskola
	
https://www.instagram.com/polariseskola/
	
https://twitter.com/EskolaPolaris
	
https://www.linkedin.com/company/polaris-nautika-eskola","Polaris Nautika Eskola","https://polariseskola.eus/","+34 619 11 52 25","info@polariseskola.eus","https://www.facebook.com/polariseskola"
84,"Data found
	
Lamarencalma
	
http://www.lamarencalma.com/
	
+34 946 06 42 07
	
info@lamarencalma.com
	
https://www.facebook.com/lamarencalma/
	
https://www.instagram.com/tiendanautica_lamarencalma/","Lamarencalma","http://www.lamarencalma.com/","+34 946 06 42 07","info@lamarencalma.com","https://www.facebook.com/lamarencalma/"
85,"Data found
	
Mar de bien
	
http://www.mardebien.es/
	
+34 687 88 89 89
	
info@mardebien.es","Mar de bien","http://www.mardebien.es/","+34 687 88 89 89","info@mardebien.es",
86,"Data found
	
Nautika eta Itsasontzi Makineria (Bilboko Ingeniaritza Eskola), Portugalete UPV/EHU
	
http://ehu.eus/
	
+34 946 01 48 63
	
	
https://www.facebook.com/policy.php/
	
https://www.instagram.com/ehu.eus/
	
	
https://www.linkedin.com/edu/school?id=12231&trk=edu-cp-title","Nautika eta Itsasontzi Makineria (Bilboko Ingeniaritza Eskola), Portugalete UPV/EHU","http://ehu.eus/","+34 946 01 48 63",,"https://www.facebook.com/policy.php/"
87,"Data found
	
Escuela náutica. Cenáutica Sevilla
	
https://www.cenautica.com/escuela-nautica/escuela-nautica-sevilla?utm_source=google&utm_medium=organic&utm_campaign=gmb-sevilla
	
+34 954 29 50 19
	
info@cenautica.com
	
https://www.facebook.com/cenautica
	
https://www.instagram.com/cenautica/
	
	
https://www.linkedin.com/company/cenautica","Escuela náutica. Cenáutica Sevilla","https://www.cenautica.com/escuela-nautica/escuela-nautica-sevilla?utm_source=google&utm_medium=organic&utm_campaign=gmb-sevilla","+34 954 29 50 19","info@cenautica.com","https://www.facebook.com/cenautica"
88,"Data found
	
FP NÁUTICA
	
https://fpnautica.com/
	
+34 673 22 71 07
	
info@fpnautica.com
	
https://www.facebook.com/fpnautica.es
	
https://www.instagram.com/fpnauticasevilla/?hl=es
	
https://twitter.com/FPNAUTICA","FP NÁUTICA","https://fpnautica.com/","+34 673 22 71 07","info@fpnautica.com","https://www.facebook.com/fpnautica.es"
89,"Data found
	
Escuela Náutica Delcano – Títulos Náuticos Sevilla
	
https://www.escuelaveladelcano.com/
	
+34 626 57 95 07
	
	
	
https://www.instagram.com/veladelcano/
	
https://twitter.com/veladelcano","Escuela Náutica Delcano – Títulos Náuticos Sevilla","https://www.escuelaveladelcano.com/","+34 626 57 95 07",,
90,"Data found
	
Andaluza de Barcos; Escuela y servicios náuticos
	
https://andaluzadebarcos.com/
	
+34 620 74 80 66
	
info@andaluzadebarcos.com
	
https://www.facebook.com/Andaluzadebarcos/
	
https://www.instagram.com/andaluzadebarcos/
	
https://twitter.com/andaluzadebarco","Andaluza de Barcos; Escuela y servicios náuticos","https://andaluzadebarcos.com/","+34 620 74 80 66","info@andaluzadebarcos.com","https://www.facebook.com/Andaluzadebarcos/"
91,"Data found
	
Centro Andaluz del Navegante
	
http://www.centroandaluzdelnavegante.com/
	
+34 669 94 00 50
	
centroandaluzdelnavegante@gmail.com
	
https://www.facebook.com/CANavegante
	
https://www.instagram.com/centroandaluznavegante/
	
https://twitter.com/notifications","Centro Andaluz del Navegante","http://www.centroandaluzdelnavegante.com/","+34 669 94 00 50","centroandaluzdelnavegante@gmail.com","https://www.facebook.com/CANavegante"
92,"Data found
	
Escuela Náutica El Faro
	
https://escuelanauticaelfaro.com/about/
	
+34 603 83 86 38
	
elfaroescuelanautica@gmail.com
	
https://www.facebook.com/El-FARO-Escuela-N%C3%A1utica-105618228166852]
	
https://www.instagram.com/elfaroescuelanautica","Escuela Náutica El Faro","https://escuelanauticaelfaro.com/about/","+34 603 83 86 38","elfaroescuelanautica@gmail.com","https://www.facebook.com/El-FARO-Escuela-N%C3%A1utica-105618228166852]"
93,"No data found
	
32 Pies & Yachtingworks; Escuela Náutica y charter.
	
http://www.32pies.com/
	
+34 607 78 64 20","32 Pies & Yachtingworks; Escuela Náutica y charter.","http://www.32pies.com/","+34 607 78 64 20",,
94,"No data found
	
Escuela náutica Sevilla
	
http://escuelanauticasevilla.com/
	
+34 902 10 28 09","Escuela náutica Sevilla","http://escuelanauticasevilla.com/","+34 902 10 28 09",,
95,"Data found
	
Escuela Náutica El Marino
	
http://www.escuelanauticaelmarino.com/
	
+34 626 36 85 68
	
escuelaelmarino@gmail.com
	
https://www.facebook.com/EscuelaNauticaElMarino/","Escuela Náutica El Marino","http://www.escuelanauticaelmarino.com/","+34 626 36 85 68","escuelaelmarino@gmail.com","https://www.facebook.com/EscuelaNauticaElMarino/"
96,"Data found
	
Cursos Náuticos Murcia
	
https://www.nauticae.es/
	
+34 681 24 44 02
	
	
https://www.facebook.com/nauticae","Cursos Náuticos Murcia","https://www.nauticae.es/","+34 681 24 44 02",,"https://www.facebook.com/nauticae"
97,"Data found
	
Escuela Náutica Círculo Náutico del Mediterráneo - CINAMED
	
https://academia-escuela-nautica-cinamed.es/
	
+34 683 53 35 15
	
info@academia-escuela-nautica-cinamed.es","Escuela Náutica Círculo Náutico del Mediterráneo - CINAMED","https://academia-escuela-nautica-cinamed.es/","+34 683 53 35 15","info@academia-escuela-nautica-cinamed.es",
98,"Data found
	
Escuela Náutica Juan Carlos I
	
https://www.escuelanauticajuancarlos.com/
	
+34 630 26 41 43
	
info@escuelanauticajuancarlos.com","Escuela Náutica Juan Carlos I","https://www.escuelanauticajuancarlos.com/","+34 630 26 41 43","info@escuelanauticajuancarlos.com",
99,"No website found
	
Escuela Náutica Anclas","Escuela Náutica Anclas",,,,
100,"Data found
	
NAUTICAE, Escuela Náutica
	
https://www.nauticae.es/
	
+34 681 24 44 02
	
	
https://www.facebook.com/nauticae","NAUTICAE, Escuela Náutica","https://www.nauticae.es/","+34 681 24 44 02",,"https://www.facebook.com/nauticae"
101,"Data found
	
Escuela Náutica Virazon Charter
	
http://escuelanauticavirazon.es/
	
+34 619 24 38 90
	
	
https://www.facebook.com/virazon.charter
	
https://www.instagram.com/ibizavirazoncharter/
	
https://twitter.com/VirazonCharter
	
https://www.linkedin.com/in/virazon-charter-carmen-hervas-aznar-18131641/","Escuela Náutica Virazon Charter","http://escuelanauticavirazon.es/","+34 619 24 38 90",,"https://www.facebook.com/virazon.charter"
102,"Data found
	
Centro Náutico de Murcia
	
https://www.centronauticomurcia.com/
	
+34 606 58 03 42
	
	
https://www.facebook.com/centronauticodemurcia/?locale=es_ES
	
https://www.instagram.com/centronauticomurcia","Centro Náutico de Murcia","https://www.centronauticomurcia.com/","+34 606 58 03 42",,"https://www.facebook.com/centronauticodemurcia/?locale=es_ES"
103,"Data found
	
A TODA VELA
	
http://www.atodavela.eu/
	
+34 633 02 02 99
	
info@atodavela.eu","A TODA VELA","http://www.atodavela.eu/","+34 633 02 02 99","info@atodavela.eu",
104,"No website found
	
Escuela náutica homologada
	
	
+34 610 50 80 66","Escuela náutica homologada",,"+34 610 50 80 66",,
105,"No website found
	
Escuela Náutica Municipal Cortadura
	
	
+34 956 25 11 01","Escuela Náutica Municipal Cortadura",,"+34 956 25 11 01",,
106,"Data found
	
Escuela de Navegación Aperca por el Mar - Alquiler / paseos en barcos y veleros Cádiz
	
http://apercaporelmar.es/
	
+34 606 71 68 92
	
info@apercaporelmar.es
	
https://www.facebook.com/Aperca-por-el-Mar-1732725440283878/
	
https://www.instagram.com/apercaporelmar/
	
https://twitter.com/Apercaporelmar","Escuela de Navegación Aperca por el Mar - Alquiler / paseos en barcos y veleros Cádiz","http://apercaporelmar.es/","+34 606 71 68 92","info@apercaporelmar.es","https://www.facebook.com/Aperca-por-el-Mar-1732725440283878/"
107,"Data found
	
Escuela Taboga
	
http://www.escuelataboga.com/
	
+34 615 99 45 01
	
hola@escuelataboga.com
	
	
https://www.instagram.com/tabogaescuela/","Escuela Taboga","http://www.escuelataboga.com/","+34 615 99 45 01","hola@escuelataboga.com",
108,"No website found
	
Cádiz bay sailing - Escuela Nautica - Paseos en velero - Alquiler embarcaciones
	
	
+34 634 33 06 19","Cádiz bay sailing - Escuela Nautica - Paseos en velero - Alquiler embarcaciones",,"+34 634 33 06 19",,
109,"No website found
	
Antigua Escuela Superior de la Marina Mercante","Antigua Escuela Superior de la Marina Mercante",,,,
110,"No website found
	
Escuela De Naútica","Escuela De Naútica",,,,
111,"Data found
	
Escuela Técnica Superior de Náutica y Máquinas - UDC
	
https://www.udc.es/centros_departamentos_servizos/centros/detalleCentro/?codigo=631
	
+34 881 01 43 18
	
info@udc.gal
	
	
https://www.instagram.com/udc_oficial/
	
	
https://www.linkedin.com/school/universidade-da-coru%C3%B1a","Escuela Técnica Superior de Náutica y Máquinas - UDC","https://www.udc.es/centros_departamentos_servizos/centros/detalleCentro/?codigo=631","+34 881 01 43 18","info@udc.gal",
112,"No data found
	
ICA Escuela Náutica - Cursos Marítimos Profesionales
	
https://cursosmaritimos.com/
	
+34 986 26 63 80","ICA Escuela Náutica - Cursos Marítimos Profesionales","https://cursosmaritimos.com/","+34 986 26 63 80",,
113,"Data found
	
Escuela de Navegación Marina de Gijón
	
http://www.marinadegijon.com/
	
+34 639 17 17 04
	
	
https://www.facebook.com/marinadegijonescueladenavegacion","Escuela de Navegación Marina de Gijón","http://www.marinadegijon.com/","+34 639 17 17 04",,"https://www.facebook.com/marinadegijonescueladenavegacion"
114,"Data found
	
Escuela de Mar Asturias
	
https://www.escuelademarasturias.com/
	
+34 678 12 52 44
	
escuelademarasturias@gmail.com
	
https://www.facebook.com/Repnaval/
	
https://www.instagram.com/escuelademarasturias/
	
https://twitter.com/intent/tweet?text=https%3A%2F%2Fwww.facebook.com%2F103771614901313%2Fposts%2F1449656967161188","Escuela de Mar Asturias","https://www.escuelademarasturias.com/","+34 678 12 52 44","escuelademarasturias@gmail.com","https://www.facebook.com/Repnaval/"
115,"Data found
	
Escuela de Navegación Principado de Asturias
	
http://www.titulosnauticosasturias.com/
	
+34 653 78 80 08
	
asturiasnavega@gmail.com
	
https://www.facebook.com/escuelanauticaasturias
	
https://www.instagram.com/escuelanauticaasturias/
	
https://twitter.com/Asturias_Navega
	
https://www.linkedin.com/in/jorge-losa-espina/","Escuela de Navegación Principado de Asturias","http://www.titulosnauticosasturias.com/","+34 653 78 80 08","asturiasnavega@gmail.com","https://www.facebook.com/escuelanauticaasturias"
116,"No data found
	
Escuela Náutica Azimut
	
https://tuescuelanautica.com/
	
+34 690 18 10 31","Escuela Náutica Azimut","https://tuescuelanautica.com/","+34 690 18 10 31",,
117,"Data found
	
Curso Titulín Gijón - Náutica Costa Verde
	
https://www.nauticacostaverde.com/licencia-de-navegacion/
	
+34 629 41 90 85
	
juanluis@nauticacostaverde.com
	
https://www.facebook.com/nauticacostaverde
	
https://www.instagram.com/nauticacostaverd
	
https://twitter.com/nauticacostaver","Curso Titulín Gijón - Náutica Costa Verde","https://www.nauticacostaverde.com/licencia-de-navegacion/","+34 629 41 90 85","juanluis@nauticacostaverde.com","https://www.facebook.com/nauticacostaverde"
118,"Data found
	
Escuela Superior de la Marina Civil de Gijón
	
https://marina.uniovi.es/inicio
	
+34 985 18 23 44
	
sec.marinacivil@uniovi.es
	
https://www.facebook.com/profile.php?id=100085954073923
	
https://www.instagram.com/marinacivil.uniovi/
	
https://twitter.com/ESMarinaCivilUO/
	
https://www.linkedin.com/company/escuela-superior-de-la-marina-civil-de-gij%C3%B3n/","Escuela Superior de la Marina Civil de Gijón","https://marina.uniovi.es/inicio","+34 985 18 23 44","sec.marinacivil@uniovi.es","https://www.facebook.com/profile.php?id=100085954073923"
119,"Data found
	
Escuela Técnica Superior de Náutica
	
http://www.unican.es/centros/nautica
	
+34 942 20 13 11
	
nautica@unican.es
	
https://es-es.facebook.com/universidaddecantabria
	
https://www.instagram.com/universidaddecantabria
	
https://twitter.com/unican
	
https://es.linkedin.com/edu/universidad-de-cantabria-12209","Escuela Técnica Superior de Náutica","http://www.unican.es/centros/nautica","+34 942 20 13 11","nautica@unican.es","https://es-es.facebook.com/universidaddecantabria"
120,"Data found
	
Escuela Náutica Probanza
	
http://www.probanza.es/
	
+34 666 34 11 62
	
info@probanza.es
	
https://www.facebook.com/EscuelaNauticaProbanza/
	
https://www.instagram.com/nautica_probanza/","Escuela Náutica Probanza","http://www.probanza.es/","+34 666 34 11 62","info@probanza.es","https://www.facebook.com/EscuelaNauticaProbanza/"
121,"Data found
	
Botiga del Gimnastic de Tarragona
	
https://gimnasticdetarragona.shop/
	
+34 647 87 79 95
	
	
https://www.facebook.com/Nastictarragona/
	
https://www.instagram.com/nastictarragona/
	
https://twitter.com/nastictarragona","Botiga del Gimnastic de Tarragona","https://gimnasticdetarragona.shop/","+34 647 87 79 95",,"https://www.facebook.com/Nastictarragona/"
122,"Data found
	
Escuela Nautica Tarragona
	
https://www.escuelanauticatarragona.com/
	
+34 647 74 34 37
	
escuelanauticatarragona@gmail.com
	
https://www.facebook.com/Escuela_nautica_tarragona-100862765259892
	
https://www.instagram.com/escuela_nautica_tarragona/
	
https://twitter.com/escuelanautica6","Escuela Nautica Tarragona","https://www.escuelanauticatarragona.com/","+34 647 74 34 37","escuelanauticatarragona@gmail.com","https://www.facebook.com/Escuela_nautica_tarragona-100862765259892"
123,"Data found
	
Acadèmia Nàutica Terramar
	
http://www.vadenautica.com/
	
+34 652 14 93 49
	
info@academiaterramar.com
	
https://www.facebook.com/academianauticaterramar
	
https://www.instagram.com/vadenautica/","Acadèmia Nàutica Terramar","http://www.vadenautica.com/","+34 652 14 93 49","info@academiaterramar.com","https://www.facebook.com/academianauticaterramar"
124,"Data found
	
Argos Academia Náutica Tarragona
	
https://www.argosacademianautica.com/es/
	
+34 977 29 20 03
	
info@argosacademianautica.com
	
https://www.facebook.com/argosacademianautica","Argos Academia Náutica Tarragona","https://www.argosacademianautica.com/es/","+34 977 29 20 03","info@argosacademianautica.com","https://www.facebook.com/argosacademianautica"
125,"Data found
	
Escuela Náutica Dragut Castellón
	
https://www.escuelanauticacastellon.com/
	
+34 647 49 04 02
	
info@escuelanauticacastellon.com","Escuela Náutica Dragut Castellón","https://www.escuelanauticacastellon.com/","+34 647 49 04 02","info@escuelanauticacastellon.com",
126,"Data found
	
Oficinas Real Club Náutico de Castellón
	
http://www.rcncastellon.es/
	
+34 964 28 25 20
	
	
https://www.facebook.com/RCN-Castell%C3%B3n-1214626331903065/","Oficinas Real Club Náutico de Castellón","http://www.rcncastellon.es/","+34 964 28 25 20",,"https://www.facebook.com/RCN-Castell%C3%B3n-1214626331903065/"
127,"Data found
	
Yatescuela
	
https://www.yatescuela.com/
	
+34 630 05 37 71
	
yatescuela@yatescuela.com
	
https://www.facebook.com/yatescuela.nautica
	
https://www.instagram.com/yatescuela/","Yatescuela","https://www.yatescuela.com/","+34 630 05 37 71","yatescuela@yatescuela.com","https://www.facebook.com/yatescuela.nautica"
128,"Data found
	
Dxt Náutico
	
http://www.dxtnautico.es/
	
+34 669 76 26 29
	
info@dxtnautico.es
	
https://www.facebook.com/dxtnautico/
	
https://www.instagram.com/dxtnautico/?hl=es","Dxt Náutico","http://www.dxtnautico.es/","+34 669 76 26 29","info@dxtnautico.es","https://www.facebook.com/dxtnautico/"
129,"No data found
	
Escuela de Navegación Buenaventura
	
https://buenaventuracharter.com/
	
+34 607 20 55 71","Escuela de Navegación Buenaventura","https://buenaventuracharter.com/","+34 607 20 55 71",,
130,"Data found
	
Colomer Escuela Náutica
	
https://www.cursodelper.es/
	
+34 676 19 32 82
	
info@cursodelper.es","Colomer Escuela Náutica","https://www.cursodelper.es/","+34 676 19 32 82","info@cursodelper.es",
131,"Data found
	
BERMAR Náutica
	
http://bermarnautica.com/
	
+34 968 52 74 59
	
	
https://www.facebook.com/nauticabermar
	
https://www.instagram.com/bermar_cartagena/
	
https://twitter.com/NAUTICABERMAR","BERMAR Náutica","http://bermarnautica.com/","+34 968 52 74 59",,"https://www.facebook.com/nauticabermar"
132,"Data found
	
Cartagena Restaurant Bar
	
http://www.restaurantcartagena.nl/
	
06 27476740
	
cartagena230@outlook.com","Cartagena Restaurant Bar","http://www.restaurantcartagena.nl/","06 27476740","cartagena230@outlook.com",
133,"Actividades Náuticas Dacar - Escuela de Vela La Manga
	
http://www.actividadesnauticasdacar.com/
	
+34 625 92 40 19","Actividades Náuticas Dacar - Escuela de Vela La Manga","http://www.actividadesnauticasdacar.com/","+34 625 92 40 19",,
134,"No website found
	
Colomer Escuela Náutica
	
	
+34 968 50 04 06","Colomer Escuela Náutica",,"+34 968 50 04 06",,
135,"No website found
	
Escuela Nautica de Cartagena
	
	
+34 968 31 47 64","Escuela Nautica de Cartagena",,"+34 968 31 47 64",,
136,"Escuela Náutica Andaluza
	
https://escuelanauticaandaluza.es/
	
+34 645 88 04 88","Escuela Náutica Andaluza","https://escuelanauticaandaluza.es/","+34 645 88 04 88",,
137,"eMAR Escuela Náutica
	
https://www.emar-escuelanautica.es/
	
+34 637 42 57 57","eMAR Escuela Náutica","https://www.emar-escuelanautica.es/","+34 637 42 57 57",,
138,"IFAPA Centro Náutico Pesquero de Almería
	
http://www.juntadeandalucia.es/agriculturaypesca/ifapa
	
+34 900 156 000","IFAPA Centro Náutico Pesquero de Almería","http://www.juntadeandalucia.es/agriculturaypesca/ifapa","+34 900 156 000",,
139,"No website found
	
Escuela Náutica Ohana
	
	
+34 639 98 85 91","Escuela Náutica Ohana",,"+34 639 98 85 91",,
140,"Sailing Mike - Academia Náutica
	
http://sailingmike.es/
	
+34 607 54 47 70","Sailing Mike - Academia Náutica","http://sailingmike.es/","+34 607 54 47 70",,
141,"Escuela Náutica Andaluza
	
http://escuelanauticaandaluza.es/
	
+34 645 88 04 88","Escuela Náutica Andaluza","http://escuelanauticaandaluza.es/","+34 645 88 04 88",,
142,"Medcharter Academy
	
https://www.medcharter.es/
	
+34 615 55 61 47","Medcharter Academy","https://www.medcharter.es/","+34 615 55 61 47",,
143,"No website found
	
Escuela Náutica Esfera Celeste
	
	
+34 616 64 02 78","Escuela Náutica Esfera Celeste",,"+34 616 64 02 78",,
144,"Over Limit Náutica
	
https://www.velaalmeria.es/
	
+34 633 01 88 21","Over Limit Náutica","https://www.velaalmeria.es/","+34 633 01 88 21",,
145,"No new search results found",,,,,
